"","Current (A)","CosPhi (Units)","Energy Consumption (kWh)","Reactive Energy (VARh)","Voltage (V)"
"2024-05-21 08:00:00","0.07122","0.99607","0.01547","0","218.08791"
"2024-05-21 09:00:00","0.09452","0.99756","0.01547","0","219.11512"
"2024-05-21 10:00:00","0","1","0.01547","0","219.51143"
"2024-05-21 11:00:00","6.77288","0.9968","1.13944","699.35795","220.23439"
"2024-05-21 12:00:00","0","1","0.01547","0","221.49886"
"2024-05-21 13:00:00","0","1","0.01547","0","219.68795"
"2024-05-21 14:00:00","0.06022","0.99762","0.01547","0","220.42067"
"2024-05-21 15:00:00","2.3321","0.99658","0.7647","282.4907","220.19263"
"2024-05-21 16:00:00","2.95585","0.99645","0.63995","263.41317","220.91688"
"2024-05-21 17:00:00","16.39267","0.98653","1.88892","2206.55531","221.16964"
"2024-05-21 18:00:00","8.89284","0.99227","1.51392","1019.02346","223.29344"
"2024-05-21 19:00:00","7.84331","0.99175","1.51418","837.43591","223.57257"
"2024-05-21 20:00:00","4.91397","0.99449","1.26444","596.45051","223.9475"
"2024-05-21 21:00:00","10.69555","0.987","1.38866","1491.2799","223.19622"
"2024-05-21 22:00:00","6.50484","0.98942","1.51444","824.61999","223.34429"
"2024-05-21 23:00:00","10.60618","0.99425","1.51418","1125.35434","222.40401"
"2024-05-22 00:00:00","9.23226","0.98865","1.63918","1132.34742","223.38636"
"2024-05-22 01:00:00","8.98926","0.98981","1.63866","1115.85943","223.74502"
"2024-05-22 02:00:00","18.04087","0.976","2.51289","2492.36698","222.36982"
"2024-05-22 03:00:00","3.92841","0.99748","1.01444","426.78639","220.98874"
"2024-05-22 04:00:00","7.68497","0.9949","1.13918","757.6585","222.18114"
"2024-05-22 05:00:00","12.67873","0.98515","3.01315","1395.58507","221.87602"
"2024-05-22 06:00:00","4.30905","0.99798","0.5147","445.35187","220.71738"
"2024-05-22 07:00:00","0","1","0.01547","0","219.1292"
"2024-05-22 08:00:00","0","1","0.01547","0","218.87667"
"2024-05-22 09:00:00","0","1","0.01547","0","218.87622"
"2024-05-22 10:00:00","0","1","0.01547","0","219.96347"
"2024-05-22 11:00:00","0","1","0.01547","0","220.59126"
"2024-05-22 12:00:00","0","1","0.01547","0","221.62359"
"2024-05-22 13:00:00","0","1","0.01547","0","221.03906"
"2024-05-22 14:00:00","3.39756","0.99683","0.63995","363.05811","219.29645"
"2024-05-22 15:00:00","0.06631","0.99756","0.01547","0","219.53206"
"2024-05-22 16:00:00","0.06017","0.99736","0.01547","0","220.30396"
"2024-05-22 17:00:00","15.31053","0.98873","2.76315","1722.58023","221.8841"
"2024-05-22 18:00:00","7.20818","0.99246","1.01444","783.74381","221.75174"
"2024-05-22 19:00:00","6.46155","0.99259","1.51444","804.56226","222.06487"
"2024-05-22 20:00:00","6.64283","0.98397","1.76366","953.80294","221.65519"
"2024-05-22 21:00:00","5.7291","0.99132","1.51392","659.94471","223.01995"
"2024-05-22 22:00:00","16.11079","0.98705","2.01315","2175.46653","222.43474"
"2024-05-22 23:00:00","8.68898","0.99163","1.63892","1019.38924","222.07652"
"2024-05-23 00:00:00","10.11819","0.99042","1.38892","1176.42764","222.49495"
"2024-05-23 01:00:00","11.19419","0.98327","2.13841","1355.04534","223.53333"
"2024-05-23 02:00:00","8.24688","0.99029","1.38918","1064.82999","224.08864"
"2024-05-23 03:00:00","6.89236","0.98573","1.51418","880.82846","222.83092"
"2024-05-23 04:00:00","5.49847","0.99421","1.13944","644.80268","222.68668"
"2024-05-23 05:00:00","8.95937","0.99298","2.13892","1014.00537","221.63448"
"2024-05-23 06:00:00","5.43801","0.99537","1.13944","602.08307","220.49749"
"2024-05-23 07:00:00","3.72013","0.99453","0.51495","412.30268","219.75654"
"2024-05-23 08:00:00","27.166","0.98797","5.51237","2722.35062","219.77345"
"2024-05-23 09:00:00","0","1","0.01547","0","220.47218"
"2024-05-23 10:00:00","133.32599","0.94429","24.1268","13240.75079","219.87324"
"2024-05-23 11:00:00","31.423","0.98494","6.2616","3149.76612","220.2761"
"2024-05-23 12:00:00","0","1","0.01547","0","220.62525"
"2024-05-23 13:00:00","0","1","0.01547","0","219.44026"
"2024-05-23 14:00:00","0","1","0.01547","0","218.92588"
"2024-05-23 15:00:00","4.52833","0.99857","0.76495","525.80221","219.39264"
"2024-05-23 16:00:00","7.12372","0.99232","0.7647","1103.40931","219.88074"
"2024-05-23 17:00:00","15.75734","0.98281","2.01366","2279.83694","221.59445"
"2024-05-23 18:00:00","9.17682","0.98568","2.01392","1259.71624","222.10906"
"2024-05-23 19:00:00","13.46875","0.98791","3.01341","1606.9447","223.5516"
"2024-05-23 20:00:00","17.27292","0.97867","2.88763","2044.92301","223.48896"
"2024-05-23 21:00:00","19.443","0.97821","2.63789","2913.76953","222.84323"
"2024-05-23 22:00:00","15.26815","0.98909","2.38815","1689.70659","222.87785"
"2024-05-23 23:00:00","12.49793","0.98977","2.26366","1307.10282","222.40144"
"2024-05-24 00:00:00","11.57286","0.98791","2.38841","1353.80178","222.96456"
"2024-05-24 01:00:00","20.49438","0.98234","3.38686","2383.79774","223.1079"
"2024-05-24 02:00:00","19.62825","0.98376","2.88789","2208.00365","223.90408"
"2024-05-24 03:00:00","25.01892","0.97327","3.51212","3347.88553","221.59874"
"2024-05-24 04:00:00","19.21517","0.98241","3.63686","2168.18081","224.04517"
"2024-05-24 05:00:00","26.69993","0.97652","5.13686","3011.32241","223.26768"
"2024-05-24 06:00:00","7.63214","0.99277","1.51444","836.41179","221.23884"
"2024-05-24 07:00:00","1.29795","0.99849","0.38995","165.04105","219.99876"
"2024-05-24 08:00:00","0.03671","0.99739","0.01547","0","220.79881"
"2024-05-24 09:00:00","0","1","0.01547","0","220.54316"
"2024-05-24 10:00:00","0","1","0.01534","0","219.58606"
"2024-05-24 11:00:00","0","1","0.01547","0","220.26592"
"2024-05-24 12:00:00","0","1","0.01547","0","221.31813"
"2024-05-24 13:00:00","4.34074","0.9924","0.8897","431.27779","220.08718"
"2024-05-24 14:00:00","0","1","0.01547","0","220.11934"
"2024-05-24 15:00:00","4.88129","0.99699","1.0147","510.87963","220.52303"
"2024-05-24 16:00:00","6.93912","0.99384","1.26444","802.92372","222.00027"
"2024-05-24 17:00:00","4.11479","0.99777","0.7647","442.77699","221.06681"
"2024-05-24 18:00:00","6.58953","0.99671","1.38892","698.48015","223.21256"
"2024-05-24 19:00:00","16.85462","0.98594","2.63789","1848.35436","223.01285"
"2024-05-24 20:00:00","12.76369","0.98672","2.01366","1575.34389","222.30552"
"2024-05-24 21:00:00","12.13559","0.97662","2.63815","1573.85164","223.12854"
"2024-05-24 22:00:00","12.1346","0.98459","2.01341","1395.73137","222.15836"
"2024-05-24 23:00:00","14.90763","0.98211","2.26315","2228.61731","222.70902"
"2024-05-25 00:00:00","14.48161","0.98253","3.01263","1903.90447","222.55847"
"2024-05-25 01:00:00","8.72942","0.98939","1.38892","1049.70257","222.3539"
"2024-05-25 02:00:00","17.97824","0.98136","2.63815","2567.96016","222.95195"
"2024-05-25 03:00:00","8.10076","0.99124","2.01366","986.50098","222.59145"
"2024-05-25 04:00:00","13.95599","0.98386","2.01392","1853.69428","222.54012"
"2024-05-25 05:00:00","17.38732","0.9788","3.51238","1890.41561","222.4307"
"2024-05-25 06:00:00","13.6852","0.98984","2.51341","1566.77072","221.83624"
"2024-05-25 07:00:00","15.57739","0.98362","2.26341","2282.51429","223.06552"
"2024-05-25 08:00:00","17.23889","0.98239","2.38841","2296.99796","221.52828"
"2024-05-25 09:00:00","6.7494","0.99329","1.51392","745.23762","222.76142"
"2024-05-25 10:00:00","16.18566","0.98382","2.01366","2269.23019","221.95969"
"2024-05-25 11:00:00","33.92342","0.96718","5.0116","4278.73407","222.85725"
"2024-05-25 12:00:00","13.95532","0.98637","2.01315","1607.83712","221.76558"
"2024-05-25 13:00:00","16.63154","0.98173","2.88763","2017.62347","221.54061"
"2024-05-25 14:00:00","10.50268","0.9839","1.88918","1320.60631","221.66098"
"2024-05-25 15:00:00","10.89486","0.99357","2.13841","1193.38383","221.4343"
"2024-05-25 16:00:00","10.81745","0.98792","2.76263","1332.47124","222.51615"
"2024-05-25 17:00:00","13.37918","0.9889","2.63815","1465.58963","222.53714"
"2024-05-25 18:00:00","12.45268","0.98955","2.63763","1418.39324","222.73989"
"2024-05-25 19:00:00","13.15887","0.98527","2.51289","1549.68286","222.80286"
"2024-05-25 20:00:00","15.52551","0.97921","3.13712","2110.69955","223.3101"
"2024-05-25 21:00:00","23.69059","0.97224","3.88686","2839.59546","222.86062"
"2024-05-25 22:00:00","6.5083","0.99309","1.51392","778.3307","222.7554"
"2024-05-25 23:00:00","9.84806","0.99337","1.38918","1068.12173","222.95967"
"2024-05-26 00:00:00","7.47226","0.98978","1.51418","977.51814","222.29474"
"2024-05-26 01:00:00","11.44384","0.99017","1.51418","1664.52836","222.59763"
"2024-05-26 02:00:00","12.71632","0.99032","1.88841","1437.98281","222.13572"
"2024-05-26 03:00:00","4.25247","0.99543","1.1397","529.43047","222.42471"
"2024-05-26 04:00:00","5.15583","0.99556","0.88995","597.78184","222.09365"
"2024-05-26 05:00:00","6.34393","0.99589","1.13944","684.36219","223.30662"
"2024-05-26 06:00:00","4.92035","0.9936","1.0147","731.33909","222.27836"
"2024-05-26 07:00:00","16.19781","0.98658","2.51263","1897.45262","223.2307"
"2024-05-26 08:00:00","23.58337","0.97195","3.38712","2784.73296","222.96312"
"2024-05-26 09:00:00","10.47402","0.99144","2.13815","1198.66527","222.23854"
"2024-05-26 10:00:00","26.34511","0.9644","5.01083","3381.59307","221.12126"
"2024-05-26 11:00:00","9.51233","0.9878","1.88841","1165.58681","220.70685"
"2024-05-26 12:00:00","14.64934","0.98492","1.88866","1961.79538","220.96136"
"2024-05-26 13:00:00","23.82672","0.97368","4.1366","2830.78816","221.23864"
"2024-05-26 14:00:00","6.40042","0.99378","1.51366","760.4821","222.12111"
"2024-05-26 15:00:00","20.83342","0.96754","3.76212","2635.94582","222.56988"
"2024-05-26 16:00:00","10.33485","0.98215","2.26392","1263.76874","222.11376"
"2024-05-26 17:00:00","10.59046","0.9882","1.88841","1256.60006","221.87724"
"2024-05-26 18:00:00","11.74857","0.99226","2.26341","1278.26707","222.34836"
"2024-05-26 19:00:00","16.07474","0.97985","2.63841","2250.72324","222.90328"
"2024-05-26 20:00:00","11.4811","0.98333","2.26315","1491.00194","222.49615"
"2024-05-26 21:00:00","9.02595","0.98585","2.01341","1066.3808","223.54141"
"2024-05-26 22:00:00","15.28319","0.98175","2.51341","1557.07102","223.24595"
"2024-05-26 23:00:00","14.56056","0.98569","2.63763","1794.1941","223.02589"
"2024-05-27 00:00:00","9.81637","0.98204","1.88918","1319.52369","223.51319"
"2024-05-27 01:00:00","19.01308","0.97447","3.01212","2427.95109","223.58836"
"2024-05-27 02:00:00","12.1249","0.97082","2.63789","1741.68699","222.2347"
"2024-05-27 03:00:00","7.83612","0.9868","1.51366","958.5723","222.98331"
"2024-05-27 04:00:00","4.07428","0.9977","1.01444","443.97664","223.06216"
"2024-05-27 05:00:00","35.59611","0.96255","5.76109","5018.70484","221.99621"
"2024-05-27 06:00:00","22.74465","0.9783","2.88738","2880.63259","220.27677"
"2024-05-27 07:00:00","11.01693","0.98644","1.63841","1647.55756","219.77301"
"2024-05-27 08:00:00","17.66286","0.97981","3.26289","2075.89473","219.07014"
"2024-05-27 09:00:00","18.3027","0.98221","3.01212","2029.94191","218.71078"
"2024-05-27 10:00:00","36.39399","0.96467","7.0098","4159.67506","219.77825"
"2024-05-27 11:00:00","6.78241","0.98704","1.38918","1005.31516","220.05167"
"2024-05-27 12:00:00","1.10118","0.99569","0.39021","158.29661","220.60658"
"2024-05-27 13:00:00","0","1","0.01547","0","220.63909"
"2024-05-27 14:00:00","2.17077","0.99431","0.51495","335.43666","220.05789"
"2024-05-27 15:00:00","2.50953","0.99488","0.51521","367.4471","220.44597"
"2024-05-27 16:00:00","0","1","0.01547","10.78125","220.2166"
"2024-05-27 17:00:00","10.29592","0.99093","1.63918","1260.78124","221.83604"
"2024-05-27 18:00:00","4.14486","0.99405","1.13944","635.78125","222.44224"
"2024-05-27 19:00:00","16.02202","0.98215","1.88866","1510.78121","222.38075"
"2024-05-27 20:00:00","17.24082","0.98336","3.13738","2385.78124","221.83126"
"2024-05-27 21:00:00","18.28164","0.98235","2.88763","1760.78125","223.32639"
"2024-05-27 22:00:00","18.28145","0.98506","2.63815","1885.78127","222.60541"
"2024-05-27 23:00:00","14.55629","0.98248","2.76237","2010.78128","223.94094"
"2024-05-28 00:00:00","13.06451","0.98764","2.13815","1635.78127","223.24301"
"2024-05-28 01:00:00","10.60362","0.98955","1.88892","1385.78125","221.92509"
"2024-05-28 02:00:00","17.82154","0.98352","2.51289","1760.78128","221.43903"
"2024-05-28 03:00:00","14.7122","0.98789","2.63789","1885.78129","221.43275"
"2024-05-28 04:00:00","12.83476","0.98273","2.01315","1510.78125","221.69002"
"2024-05-28 05:00:00","21.79198","0.98426","3.63712","2260.78127","223.23461"
"2024-05-28 06:00:00","2.69235","0.99915","0.38995","385.78126","220.87401"
"2024-05-28 07:00:00","0","1","0.01547","10.78125","219.59553"
"2024-05-28 08:00:00","0","1","0.01547","10.78125","219.68223"
"2024-05-28 09:00:00","0","1","0.01547","10.78125","219.6451"
"2024-05-28 10:00:00","2.88518","0.99702","0.39021","385.78126","219.71396"
"2024-05-28 11:00:00","4.11248","0.99512","0.76495","385.78126","220.44691"
"2024-05-28 12:00:00","0","1","0.01547","10.78125","220.66705"
"2024-05-28 13:00:00","0","1","0.01547","10.78125","219.93992"
"2024-05-28 14:00:00","1.65329","0.99886","0.39021","385.78126","220.20626"
"2024-05-28 15:00:00","6.38913","0.99189","1.26418","885.78126","220.63823"
"2024-05-28 16:00:00","5.34749","0.99293","0.88944","510.78125","220.87055"
"2024-05-28 17:00:00","10.61974","0.99227","1.88815","1510.78128","220.4223"
"2024-05-28 18:00:00","9.10529","0.99372","1.51392","1135.78128","221.67043"
"2024-05-28 19:00:00","14.32834","0.97828","2.01341","1260.78127","221.90011"
"2024-05-28 20:00:00","22.92033","0.97107","3.38763","2385.78128","222.33299"
"2024-05-28 21:00:00","8.46795","0.98974","2.26341","1510.78128","223.02465"
"2024-05-28 22:00:00","13.32121","0.98318","2.26263","1760.78127","222.47184"
"2024-05-28 23:00:00","7.31225","0.98868","2.13866","1510.78123","223.16405"
"2024-05-29 00:00:00","8.34271","0.98727","1.51392","1135.78126","223.79115"
"2024-05-29 01:00:00","19.71208","0.97501","3.51238","2760.78127","223.79034"
"2024-05-29 02:00:00","12.29346","0.99188","2.13866","1510.78128","221.40067"
"2024-05-29 03:00:00","13.60621","0.98269","2.26341","1385.78128","221.57064"
"2024-05-29 04:00:00","13.95235","0.99067","2.01315","1510.78129","221.97108"
"2024-05-29 05:00:00","15.90685","0.98538","2.88789","2010.78128","222.4797"
"2024-05-29 06:00:00","3.77736","0.9955","0.76495","385.78126","220.7276"
"2024-05-29 07:00:00","23.54034","0.98648","4.26263","2510.7813","219.55045"
"2024-05-29 08:00:00","33.18212","0.97136","5.13609","3260.78133","219.27285"
"2024-05-29 09:00:00","35.28239","0.97576","6.26083","3885.7813","218.91489"
"2024-05-29 10:00:00","52.79244","0.92408","8.88273","6510.78135","221.29556"
"2024-05-29 11:00:00","14.14883","0.97068","2.88841","2135.7813","221.63334"
"2024-05-29 12:00:00","4.25149","0.99797","0.76444","760.78126","221.34422"
"2024-05-29 13:00:00","4.82269","0.99329","0.7647","385.78126","219.78741"
"2024-05-29 14:00:00","0","1","0.01547","10.78125","220.09629"
"2024-05-29 15:00:00","13.39728","0.98725","1.38892","1135.78127","220.33202"
"2024-05-29 16:00:00","0","1","0.01547","10.78125","221.2786"
"2024-05-29 17:00:00","11.02665","0.99197","2.26366","1260.78129","221.41693"
"2024-05-29 18:00:00","4.28057","0.99372","1.01444","760.78126","221.76363"
"2024-05-29 19:00:00","11.69001","0.98915","2.51341","1885.78128","222.7869"
"2024-05-29 20:00:00","15.5059","0.9862","3.26263","2135.78126","223.23419"
"2024-05-29 21:00:00","12.90571","0.98804","2.13815","1635.78127","222.9313"
"2024-05-29 22:00:00","10.22875","0.9932","2.38866","1635.78127","222.53489"
"2024-05-29 23:00:00","21.65456","0.97655","2.01366","1510.78128","222.97448"
"2024-05-30 00:00:00","8.29763","0.98609","1.76418","1135.78128","222.66519"
"2024-05-30 01:00:00","12.2034","0.98241","2.26341","1760.78129","223.71688"
"2024-05-30 02:00:00","7.37862","0.98837","2.01366","1510.78123","223.38084"
"2024-05-30 03:00:00","14.48023","0.98521","2.88738","1885.78127","221.0843"
"2024-05-30 04:00:00","11.58949","0.99174","2.13841","1635.78128","221.70207"
"2024-05-30 05:00:00","25.95249","0.97919","3.51225","2260.69143","222.28452"
"2024-05-30 06:00:00","3.82896","0.99574","0.76508","385.8711","221.25602"
"2024-05-30 07:00:00","53.79322","0.97151","9.88454","5635.78137","218.93139"
"2024-05-30 08:00:00","0","1","0.01547","10.78125","220.00383"
"2024-05-30 09:00:00","116.73699","0.94298","21.50335","11260.78151","219.92956"
"2024-05-30 10:00:00","93.91535","0.95353","17.50516","9260.78147","219.29781"
"2024-05-30 11:00:00","0","1","0.01534","10.69141","219.27485"
"2024-05-30 12:00:00","3.8942","0.99754","0.5147","385.78126","221.05011"
"2024-05-30 13:00:00","0","1","0.0156","10.87109","220.57801"
"2024-05-30 14:00:00","6.94806","0.99109","1.01444","760.78126","218.96076"
"2024-05-30 15:00:00","6.14665","0.99404","0.76495","385.78126","219.45891"
"2024-05-30 16:00:00","3.69761","0.99691","0.63995","510.78125","220.55307"
"2024-05-30 17:00:00","1.94199","0.99761","0.51495","385.78126","221.24625"
"2024-05-30 18:00:00","10.56287","0.98652","1.51418","1010.78128","221.6067"
"2024-05-30 19:00:00","11.2087","0.99121","1.88866","1510.78128","223.68787"
"2024-05-30 20:00:00","11.61175","0.98533","2.51315","1760.78128","222.65824"
"2024-05-30 21:00:00","10.18535","0.98711","2.26341","1510.78128","223.06255"
"2024-05-30 22:00:00","13.12805","0.98675","2.01341","1635.78125","223.55908"
"2024-05-30 23:00:00","13.33858","0.98693","2.13866","1510.78128","222.35292"
"2024-05-31 00:00:00","9.43412","0.99617","1.26392","1010.78127","221.51666"
"2024-05-31 01:00:00","7.84063","0.98871","1.63918","1135.78127","222.27443"
"2024-05-31 02:00:00","15.10127","0.98665","2.01341","1510.78129","222.98498"
"2024-05-31 03:00:00","11.08015","0.98655","1.63866","1135.78128","223.49596"
"2024-05-31 04:00:00","14.50528","0.98348","1.88841","1385.78129","222.68655"
"2024-05-31 05:00:00","19.52866","0.98973","3.38712","2260.78132","221.20964"
"2024-05-31 06:00:00","1.30327","0.99847","0.63995","385.78126","220.64849"
"2024-05-31 07:00:00","1.9701","0.99777","0.51495","260.78126","219.1165"
"2024-05-31 08:00:00","0","1","0.01547","10.78125","219.46884"
"2024-05-31 09:00:00","7.48149","0.99158","1.2647","760.78126","219.94305"
"2024-05-31 10:00:00","0.0443","0.99736","0.01547","10.78125","219.96637"
"2024-05-31 11:00:00","58.36695","0.96525","10.00851","5760.78137","219.50476"
"2024-05-31 12:00:00","0","1","0.01547","10.78125","220.34377"
"2024-05-31 13:00:00","0","1","0.01547","10.78125","219.31525"
"2024-05-31 14:00:00","5.64502","0.99184","1.0147","635.78125","219.55494"
"2024-05-31 15:00:00","0","1","0.01547","10.78125","220.13306"
"2024-05-31 16:00:00","3.85607","0.99735","0.7647","510.78125","221.41734"
"2024-05-31 17:00:00","17.66754","0.98334","2.63789","1760.78127","222.24762"
"2024-05-31 18:00:00","5.31099","0.99829","0.88944","760.78127","221.19246"
"2024-05-31 19:00:00","5.52255","0.996","1.01444","760.78127","222.23107"
"2024-05-31 20:00:00","11.69376","0.98195","1.88841","1385.78128","222.84811"
"2024-05-31 21:00:00","11.66011","0.98731","2.38815","1885.7813","223.38233"
"2024-05-31 22:00:00","18.85152","0.97711","2.26341","1760.78128","222.09457"
"2024-05-31 23:00:00","13.31979","0.98453","2.13828","1510.69144","221.69862"
"2024-06-01 00:00:00","8.43881","0.98663","1.88892","1385.78126","222.3752"
"2024-06-01 01:00:00","14.77461","0.98145","2.13841","1510.78128","222.00108"
"2024-06-01 02:00:00","23.82024","0.96854","4.2616","3260.78131","221.82639"
"2024-06-01 03:00:00","12.66098","0.99222","2.38841","1635.78127","221.93938"
"2024-06-01 04:00:00","16.97834","0.97955","2.26315","1510.60159","222.04709"
"2024-06-01 05:00:00","35.65452","0.97049","5.51031","4010.78133","221.77041"
"2024-06-01 06:00:00","29.5364","0.9665","3.6366","2385.78128","222.03925"
"2024-06-01 07:00:00","35.35021","0.94968","6.01031","4010.78132","222.07527"
"2024-06-01 08:00:00","20.50737","0.98331","3.13789","2135.78129","223.1698"
"2024-06-01 09:00:00","24.24396","0.97497","4.51109","3135.7813","222.82381"
"2024-06-01 10:00:00","31.97935","0.97152","4.13634","2885.78132","222.12698"
"2024-06-01 11:00:00","22.33371","0.9823","4.01186","2635.7813","221.49764"
"2024-06-01 12:00:00","6.57706","0.99426","1.13944","635.78127","222.68255"
"2024-06-01 13:00:00","12.9422","0.9808","2.38892","1885.78129","223.19742"
"2024-06-01 14:00:00","12.962","0.98569","2.76263","2010.78128","223.09819"
"2024-06-01 15:00:00","12.48973","0.98428","2.26341","1635.78127","222.86349"
"2024-06-01 16:00:00","18.41512","0.97777","2.76289","1885.78128","222.16898"
"2024-06-01 17:00:00","9.14881","0.98796","1.88866","1385.78124","221.99542"
"2024-06-01 18:00:00","26.0771","0.96317","4.38609","3510.78131","222.81566"
"2024-06-01 19:00:00","23.28676","0.96758","3.88712","2885.78131","223.05093"
"2024-06-01 20:00:00","18.83352","0.97784","3.26212","2260.7813","223.13329"
"2024-06-01 21:00:00","8.81088","0.988","1.88892","1385.78126","222.52213"
"2024-06-01 22:00:00","7.00419","0.989","1.51392","1135.78127","221.73132"
"2024-06-01 23:00:00","12.8625","0.98601","2.51315","1885.78129","222.99674"
"2024-06-02 00:00:00","8.01132","0.98974","1.51392","1010.78121","223.57615"
"2024-06-02 01:00:00","11.6067","0.98947","2.13841","1510.78127","222.99691"
"2024-06-02 02:00:00","26.96927","0.96853","4.38634","3135.7813","223.45743"
"2024-06-02 03:00:00","12.60657","0.98226","3.13738","2510.78131","223.40973"
"2024-06-02 04:00:00","14.53942","0.98091","2.63815","1760.78127","223.28396"
"2024-06-02 05:00:00","26.27606","0.96511","4.0116","3010.78129","223.58309"
"2024-06-02 06:00:00","15.5127","0.98662","2.88815","2010.78127","222.69891"
"2024-06-02 07:00:00","13.2605","0.98435","2.63763","1760.78126","222.96949"
"2024-06-02 08:00:00","10.69272","0.98709","2.63841","1885.7813","223.46123"
"2024-06-02 09:00:00","8.03043","0.98731","2.01366","1510.78129","222.84376"
"2024-06-02 10:00:00","20.7959","0.98322","3.26212","2135.7813","223.21532"
"2024-06-02 11:00:00","26.7376","0.95948","3.88712","2885.78128","222.09296"
"2024-06-02 12:00:00","13.10481","0.98547","1.51392","1260.78126","221.58649"
"2024-06-02 13:00:00","24.44656","0.96439","3.76186","2635.78132","223.47602"
"2024-06-02 14:00:00","6.2969","0.99076","2.13866","1635.78127","221.49377"
"2024-06-02 15:00:00","15.69551","0.98502","2.76315","1760.78124","221.07469"
"2024-06-02 16:00:00","13.72169","0.97957","2.38815","1885.78126","222.25072"
"2024-06-02 17:00:00","8.7861","0.98522","2.26341","1510.78129","222.27373"
"2024-06-02 18:00:00","30.29219","0.96347","4.51109","3260.78132","221.69747"
"2024-06-02 19:00:00","10.30396","0.98543","2.38892","1760.7813","222.33013"
"2024-06-02 20:00:00","14.45663","0.97746","2.26315","1510.78127","221.70276"
"2024-06-02 21:00:00","15.85634","0.97585","2.63841","2010.78128","221.85707"
"2024-06-02 22:00:00","17.29251","0.98494","3.01238","2010.78125","223.06675"
"2024-06-02 23:00:00","12.69446","0.98399","2.88815","2010.78129","222.77935"
"2024-06-03 00:00:00","25.90483","0.96415","4.38609","3260.78131","223.0069"
"2024-06-03 01:00:00","27.81891","0.96713","4.26186","3010.78131","223.74885"
"2024-06-03 02:00:00","24.39945","0.97217","4.51083","3385.78131","221.88527"
"2024-06-03 03:00:00","17.20101","0.97248","3.38763","2385.78128","221.44691"
"2024-06-03 04:00:00","19.84175","0.97977","3.26212","2385.78128","222.74757"
"2024-06-03 05:00:00","16.90696","0.98058","3.63789","2260.7813","222.69268"
"2024-06-03 06:00:00","7.51458","0.99415","1.38944","1010.78127","220.40475"
"2024-06-03 07:00:00","5.18366","0.99587","0.88944","760.78124","219.20139"
"2024-06-03 08:00:00","11.23796","0.9911","1.51366","1010.78127","218.37773"
"2024-06-03 09:00:00","1.0119","0.997","0.01547","10.78125","219.11498"
"2024-06-03 10:00:00","6.77151","0.99272","0.88944","635.78125","218.1481"
"2024-06-03 11:00:00","30.15067","0.97867","4.51134","2760.78129","220.30314"
"2024-06-03 12:00:00","12.45648","0.9871","2.01366","1385.78129","219.82056"
"2024-06-03 13:00:00","40.71782","0.98192","7.63634","4010.78136","219.09769"
"2024-06-03 14:00:00","28.60443","0.9854","5.76212","3010.78131","218.19023"
"2024-06-03 15:00:00","6.08558","0.99283","1.3897","885.78126","218.92877"
"2024-06-03 16:00:00","8.47712","0.99185","1.26418","1010.78128","220.3013"
"2024-06-03 17:00:00","2.74436","0.99914","0.76495","385.78126","221.00122"
"2024-06-03 18:00:00","16.18515","0.98621","2.51341","1760.78129","222.13042"
"2024-06-03 19:00:00","16.66626","0.9749","2.63789","1885.78124","222.53861"
"2024-06-03 20:00:00","22.75297","0.98072","3.51238","2635.7813","221.42007"
"2024-06-03 21:00:00","27.08059","0.96102","5.38557","3635.78131","221.44005"
"2024-06-03 22:00:00","40.03621","0.96124","6.00967","4385.69149","223.6917"
"2024-06-03 23:00:00","60.03547","0.93358","8.13209","6135.8712","222.58381"
"2024-06-04 00:00:00","24.06299","0.97364","4.88583","3385.78132","223.25363"
"2024-06-04 01:00:00","29.05336","0.97217","5.5116","4010.78132","222.95787"
"2024-06-04 02:00:00","34.71812","0.97135","5.38634","3760.7813","221.69307"
"2024-06-04 03:00:00","21.36054","0.97271","4.76096","3135.69143","222.06122"
"2024-06-04 04:00:00","29.18867","0.96783","4.51031","3260.7813","221.71624"
"2024-06-04 05:00:00","41.95656","0.9602","7.63377","5135.78132","222.79833"
"2024-06-04 06:00:00","0","1","0.01547","10.78125","219.96726"
"2024-06-04 07:00:00","32.5352","0.98141","6.2616","3385.78134","218.86018"
"2024-06-04 08:00:00","3.68985","0.99684","0.38995","385.78126","218.70431"
"2024-06-04 09:00:00","2.36467","0.99626","0.51495","385.78126","219.64754"
"2024-06-04 10:00:00","10.69014","0.98898","1.51341","1135.78125","219.97917"
"2024-06-04 11:00:00","113.23105","0.94741","21.87848","11260.87133","219.66342"
"2024-06-04 12:00:00","5.42037","0.99519","1.13931","760.69142","220.98907"
"2024-06-04 13:00:00","0","1","0.01547","10.78125","221.1072"
"2024-06-04 14:00:00","16.03841","0.98656","2.88841","1760.7813","219.20345"
"2024-06-04 15:00:00","2.55271","0.99639","0.64021","510.78126","221.56922"
"2024-06-04 16:00:00","0","1","0.01547","10.78125","220.76814"
"2024-06-04 17:00:00","6.69257","0.99097","1.13944","885.78126","221.66265"
"2024-06-04 18:00:00","6.55343","0.99416","1.51418","1010.78125","222.69301"
"2024-06-04 19:00:00","37.09549","0.96109","4.88557","3635.78128","223.0727"
"2024-06-04 20:00:00","26.54143","0.96029","5.13609","3635.78129","223.5644"
"2024-06-04 21:00:00","18.56269","0.97919","3.51212","2510.7813","223.88036"
"2024-06-04 22:00:00","14.34084","0.98093","3.26289","2260.78129","221.98174"
"2024-06-04 23:00:00","15.56554","0.99029","2.88763","1885.78129","222.89011"
"2024-06-05 00:00:00","14.36434","0.98328","2.51289","1760.78128","222.74225"
"2024-06-05 01:00:00","18.48536","0.97677","3.26238","2385.78126","223.4359"
"2024-06-05 02:00:00","15.78525","0.98523","3.01263","2010.78128","222.64998"
"2024-06-05 03:00:00","18.76641","0.97642","3.13789","2385.7813","223.39882"
"2024-06-05 04:00:00","13.88791","0.98447","2.63763","1885.78129","222.724"
"2024-06-05 05:00:00","21.28059","0.98075","3.76238","2510.78129","221.28759"
"2024-06-05 06:00:00","0","1","0.01547","10.78125","220.69917"
"2024-06-05 07:00:00","3.61028","0.99707","0.63995","385.78126","218.49346"
"2024-06-05 08:00:00","127.10076","0.9249","23.37629","12760.78157","218.80501"
"2024-06-05 09:00:00","6.34664","0.99615","1.01444","760.78126","219.18158"
"2024-06-05 10:00:00","14.68418","0.98803","1.51392","1010.78123","218.77641"
"2024-06-05 11:00:00","40.95439","0.97015","7.50928","4885.78133","218.90922"
"2024-06-05 12:00:00","2.69558","0.99916","0.51495","385.78126","220.41504"
"2024-06-05 13:00:00","0","1","0.01547","10.78125","218.53595"
"2024-06-05 14:00:00","73.71557","0.96189","13.88248","7510.78143","217.98659"
"2024-06-05 15:00:00","1.66751","0.99827","0.39021","135.78125","218.37491"
"2024-06-05 16:00:00","3.68144","0.9946","0.51495","510.78127","219.44516"
"2024-06-05 17:00:00","14.54013","0.98906","2.76315","1885.78126","221.50461"
"2024-06-05 18:00:00","14.46484","0.98489","2.51289","1885.78127","222.63459"
"2024-06-05 19:00:00","17.35487","0.97848","4.38686","3010.78128","223.55523"
"2024-06-05 20:00:00","26.17811","0.95783","4.7616","3385.78132","223.89739"
"2024-06-05 21:00:00","16.31431","0.9832","3.13763","2260.78128","222.77766"
"2024-06-05 22:00:00","12.99767","0.98564","2.63789","2010.78129","222.88895"
"2024-06-05 23:00:00","15.88689","0.98088","2.51315","1635.78125","223.52701"
"2024-06-06 00:00:00","12.68055","0.98998","2.01263","1510.78128","223.17003"
"2024-06-06 01:00:00","12.1777","0.98388","2.26341","1635.78129","223.68768"
"2024-06-06 02:00:00","11.31994","0.98852","2.13866","1510.78127","222.46545"
"2024-06-06 03:00:00","16.48773","0.9765","2.51289","1885.78129","221.25159"
"2024-06-06 04:00:00","11.26412","0.98849","2.13866","1635.78129","220.9379"
"2024-06-06 05:00:00","15.84634","0.98494","3.63789","2135.78127","222.37959"
"2024-06-06 06:00:00","0","1","0.01547","10.78125","219.85574"
"2024-06-06 07:00:00","0","1","0.01547","10.78125","218.7072"
"2024-06-06 08:00:00","5.301","0.99704","1.01418","760.78127","217.87357"
"2024-06-06 09:00:00","2.23043","0.99456","0.51495","385.78126","217.49419"
"2024-06-06 10:00:00","190.85119","0.93278","36.12139","18260.78169","218.92081"
"2024-06-06 11:00:00","63.4905","0.96381","12.88351","6635.78143","220.10212"
"2024-06-06 12:00:00","2.95692","0.99819","0.51495","385.78126","220.68547"
"2024-06-06 13:00:00","48.48628","0.97775","9.13505","5010.78136","218.61146"
"2024-06-06 14:00:00","8.5327","0.99267","1.51392","1010.78125","218.28688"
"2024-06-06 15:00:00","3.88255","0.9973","0.7647","635.78127","218.69717"
"2024-06-06 16:00:00","0","1","0.01547","10.78125","219.15764"
"2024-06-06 17:00:00","4.50972","0.99375","0.63995","510.78126","221.49116"
"2024-06-06 18:00:00","21.0248","0.97617","3.01212","2135.78127","220.84879"
"2024-06-06 19:00:00","21.75949","0.97923","3.51212","2260.78127","221.39481"
"2024-06-06 20:00:00","35.54803","0.95329","6.75902","5260.78133","221.80306"
"2024-06-06 21:00:00","29.64055","0.94538","5.63531","4385.78135","222.15294"
"2024-06-06 22:00:00","11.90074","0.97415","2.38841","1760.7813","222.31759"
"2024-06-06 23:00:00","13.96617","0.99146","3.13789","2135.78129","222.74462"
"2024-06-07 00:00:00","13.81417","0.98262","2.26341","1635.78127","222.69027"
"2024-06-07 01:00:00","21.05079","0.98248","3.26238","2385.78126","222.10906"
"2024-06-07 02:00:00","12.14732","0.99023","2.63763","1760.78127","223.53483"
"2024-06-07 03:00:00","13.28998","0.98022","2.38815","1885.78129","223.43447"
"2024-06-07 04:00:00","12.3686","0.98822","3.26263","2260.78126","223.24745"
"2024-06-07 05:00:00","20.59119","0.98071","4.01186","2760.78129","221.41228"
"2024-06-07 06:00:00","0","1","0.01547","10.78125","219.69209"
"2024-06-07 07:00:00","8.13165","0.99117","1.88841","1385.78126","218.07398"
"2024-06-07 08:00:00","58.70216","0.89413","23.3125","13573.28155","202.95799"
"2024-06-07 09:00:00","232.85563","0.82622","44.73659","25760.78184","217.92921"
"2024-06-07 10:00:00","227.11926","0.8204","40.23788","23760.78179","217.62142"
"2024-06-07 11:00:00","251.08404","0.85266","46.36185","26135.78185","219.03535"
"2024-06-07 12:00:00","204.52559","0.83074","37.7402","22760.78167","220.55058"
"2024-06-07 13:00:00","216.95104","0.81924","41.11263","24635.78177","220.98313"
"2024-06-07 14:00:00","205.48648","0.82303","39.36288","23510.78174","219.59249"
"2024-06-07 15:00:00","170.59501","0.79982","30.61546","20260.7816","220.58263"
"2024-06-07 16:00:00","160.92962","0.79929","27.61623","19260.78161","221.24639"
"2024-06-07 17:00:00","146.83372","0.81538","24.99355","18010.78153","221.21415"
"2024-06-07 18:00:00","67.62527","0.89143","11.62938","8885.78138","222.60634"
"2024-06-07 19:00:00","61.61808","0.8984","9.7549","8010.78134","223.31034"
"2024-06-07 20:00:00","72.96241","0.87873","11.75335","9635.7814","223.86812"
"2024-06-07 21:00:00","63.961","0.87876","10.50387","8885.78133","223.0015"
"2024-06-07 22:00:00","51.54534","0.90228","9.63196","8010.78137","222.30142"
"2024-06-07 23:00:00","60.64735","0.88011","11.0049","8885.78136","223.02429"
"2024-06-08 00:00:00","45.14594","0.91584","8.25619","6885.78135","223.12402"
"2024-06-08 01:00:00","66.62092","0.88792","10.00593","8135.78142","223.99305"
"2024-06-08 02:00:00","59.75126","0.89438","10.12964","8135.78139","223.17736"
"2024-06-08 03:00:00","66.00906","0.87039","10.75387","9260.78139","223.87594"
"2024-06-08 04:00:00","54.9833","0.88911","9.00645","7635.7814","223.16395"
"2024-06-08 05:00:00","69.48847","0.88753","11.00412","8885.78137","222.55963"
"2024-06-08 06:00:00","148.37056","0.79579","24.49355","18135.78159","221.90993"
"2024-06-08 07:00:00","186.63408","0.81302","33.24072","21760.78173","221.62133"
"2024-06-08 08:00:00","186.18574","0.8157","34.2384","21885.78168","221.23657"
"2024-06-08 09:00:00","150.93121","0.85378","26.99459","17635.78153","220.92083"
"2024-06-08 10:00:00","116.20166","0.84722","18.90913","14135.7815","221.95967"
"2024-06-08 11:00:00","116.20895","0.8247","20.29313","15135.78141","221.37012"
"2024-06-08 12:00:00","73.73883","0.89165","12.29313","9510.7814","221.97848"
"2024-06-08 13:00:00","63.07243","0.87889","11.16813","9135.78138","222.62726"
"2024-06-08 14:00:00","65.30141","0.89181","11.16813","9010.78135","222.40446"
"2024-06-08 15:00:00","55.99067","0.90188","9.79313","7635.78134","222.26122"
"2024-06-08 16:00:00","73.08633","0.89239","11.04313","9135.78145","221.74572"
"2024-06-08 17:00:00","70.76163","0.89711","10.04313","7760.78135","222.25656"
"2024-06-08 18:00:00","67.61066","0.8867","11.16813","9135.78129","222.24233"
"2024-06-08 19:00:00","68.13812","0.88543","11.04313","9135.78146","222.37868"
"2024-06-08 20:00:00","58.17608","0.90105","9.41813","7760.78139","221.8921"
"2024-06-08 21:00:00","57.99518","0.88462","10.66813","9135.78141","223.04617"
"2024-06-08 22:00:00","54.37515","0.89947","9.29313","7510.78132","222.97729"
"2024-06-08 23:00:00","68.79262","0.87523","11.16813","9010.78142","222.13774"
"2024-06-09 00:00:00","43.15838","0.93216","6.79313","5510.78135","223.21878"
"2024-06-09 01:00:00","48.51134","0.89537","9.04313","7635.78135","223.38402"
"2024-06-09 02:00:00","59.92572","0.89307","9.66813","7885.78138","223.50157"
"2024-06-09 03:00:00","59.3672","0.90563","9.79313","8010.78137","223.35409"
"2024-06-09 04:00:00","68.74076","0.8864","10.79241","8885.6017","223.07865"
"2024-06-09 05:00:00","63.31355","0.88356","10.79313","9010.78135","223.83532"
"2024-06-09 06:00:00","55.19194","0.90803","9.54313","7885.78139","223.86702"
"2024-06-09 07:00:00","62.98101","0.90426","10.04313","8260.7814","223.36585"
"2024-06-09 08:00:00","50.68938","0.90014","9.66813","7760.78137","223.1558"
"2024-06-09 09:00:00","67.93408","0.88466","11.04313","9260.78137","223.03629"
"2024-06-09 10:00:00","68.88241","0.88838","11.41813","9135.78139","223.40637"
"2024-06-09 11:00:00","55.76521","0.89846","9.91813","8135.78134","222.65529"
"2024-06-09 12:00:00","66.7179","0.8896","11.54313","9385.78135","222.35814"
"2024-06-09 13:00:00","57.68046","0.90596","9.16813","7635.78137","223.50134"
"2024-06-09 14:00:00","64.96197","0.87895","11.04313","9010.78144","223.61375"
"2024-06-09 15:00:00","55.25052","0.90129","9.91813","8010.78143","223.38791"
"2024-06-09 16:00:00","61.38041","0.89519","9.41813","7635.78137","223.01862"
"2024-06-09 17:00:00","56.53807","0.88948","9.16813","7510.78137","222.42117"
"2024-06-09 18:00:00","71.12539","0.89517","12.29313","9385.78133","222.14974"
"2024-06-09 19:00:00","137.0215","0.78677","22.29313","17260.78152","221.49823"
"2024-06-09 20:00:00","110.51865","0.77913","18.29313","15760.78139","221.51868"
"2024-06-09 21:00:00","64.06265","0.90219","11.04313","8635.78132","221.77383"
"2024-06-09 22:00:00","68.06144","0.88333","11.29313","9385.78139","222.71278"
"2024-06-09 23:00:00","57.26347","0.88497","10.79313","9010.78145","223.08816"
"2024-06-10 00:00:00","61.97837","0.90541","9.54313","7760.78135","222.07186"
"2024-06-10 01:00:00","72.19174","0.8771","11.66813","9510.78134","222.33646"
"2024-06-10 02:00:00","95.13894","0.82796","17.04313","13760.78145","222.34621"
"2024-06-10 03:00:00","65.87006","0.8814","11.41813","9385.78138","222.50153"
"2024-06-10 04:00:00","72.00519","0.87761","11.54313","9760.78141","222.24825"
"2024-06-10 05:00:00","76.14341","0.88726","12.91813","10135.78137","221.83554"
"2024-06-10 06:00:00","175.01936","0.80299","30.41813","20510.78164","220.54007"
"2024-06-10 07:00:00","224.53734","0.83349","41.91812","24760.78176","219.07618"
"2024-06-10 08:00:00","273.32406","0.86081","52.54312","27635.78189","219.73962"
"2024-06-10 09:00:00","275.99447","0.86134","51.79312","27635.78192","219.3094"
"2024-06-10 10:00:00","251.7333","0.85502","49.29312","26635.78184","218.88705"
"2024-06-10 11:00:00","244.43456","0.84824","47.16812","26510.78188","219.67559"
"2024-06-10 12:00:00","211.74857","0.8412","40.29313","23885.78172","220.51661"
"2024-06-10 13:00:00","212.4628","0.82652","37.91813","22760.7817","219.03695"
"2024-06-10 14:00:00","220.95827","0.83718","41.54312","24135.78174","217.92254"
"2024-06-10 15:00:00","214.08159","0.82489","38.29313","23135.78173","217.81177"
"2024-06-10 16:00:00","152.88318","0.8062","27.66813","19010.78153","218.6078"
"2024-06-10 17:00:00","102.86604","0.84792","17.66813","12760.78149","220.59394"
"2024-06-10 18:00:00","23.42929","0.98325","3.66813","2510.78131","220.99998"
"2024-06-10 19:00:00","12.0695","0.9915","2.29313","1510.78128","222.34159"
"2024-06-10 20:00:00","16.90436","0.97667","3.29313","2510.78128","223.13867"
"2024-06-10 21:00:00","8.44198","0.98791","1.54313","1135.78127","222.65889"
"2024-06-10 22:00:00","16.12957","0.97975","2.16813","1385.78128","223.35918"
"2024-06-10 23:00:00","10.00029","0.99024","2.16813","1510.78128","223.05532"
"2024-06-11 00:00:00","24.98052","0.96693","2.91813","2010.78128","222.70158"
"2024-06-11 01:00:00","13.55186","0.98935","2.41813","1760.78126","221.81041"
"2024-06-11 02:00:00","16.44665","0.97372","3.04313","2010.78127","221.24237"
"2024-06-11 03:00:00","15.06431","0.98188","3.29313","2385.78128","221.59471"
"2024-06-11 04:00:00","7.52318","0.99085","2.16813","1510.78128","223.39566"
"2024-06-11 05:00:00","17.1091","0.98071","3.66812","2260.78131","221.86108"
"2024-06-11 06:00:00","0","1","0.04313","10.78125","219.83049"
"2024-06-11 07:00:00","0.0483","0.99748","0.04313","10.78125","218.39758"
"2024-06-11 08:00:00","28.16408","0.97924","5.91812","3385.78131","218.08752"
"2024-06-11 09:00:00","1.45277","0.99871","0.79312","385.78126","219.18232"
"2024-06-11 10:00:00","1.8533","0.99465","0.04313","135.78125","219.246"
"2024-06-11 11:00:00","47.15161","0.95961","8.41812","5010.7813","219.05534"
"2024-06-11 12:00:00","23.03499","0.9888","4.79312","2635.7813","220.70728"
"2024-06-11 13:00:00","0","1","0.04313","10.78125","220.0829"
"2024-06-11 14:00:00","2.91358","0.99422","0.54313","385.78126","219.19133"
"2024-06-11 15:00:00","2.34051","0.99684","0.54312","385.78126","220.55553"
"2024-06-11 16:00:00","0","1","0.04313","10.78125","221.17712"
"2024-06-11 17:00:00","11.66361","0.99159","1.91813","1260.78128","221.17693"
"2024-06-11 18:00:00","14.13835","0.97674","2.66813","1885.78129","222.09155"
"2024-06-11 19:00:00","19.84836","0.97616","3.04313","2135.7813","222.60136"
"2024-06-11 20:00:00","44.78497","0.92537","7.54313","5635.78132","222.76622"
"2024-06-11 21:00:00","20.20954","0.9684","3.29313","2385.78129","222.32925"
"2024-06-11 22:00:00","13.44615","0.98759","2.66813","2010.78126","222.67715"
"2024-06-11 23:00:00","22.16619","0.97668","3.41813","2135.7813","222.10956"
"2024-06-12 00:00:00","13.14385","0.98183","2.16812","1510.78128","222.52794"
"2024-06-12 01:00:00","15.56101","0.98684","3.16813","2260.78129","222.6104"
"2024-06-12 02:00:00","14.62526","0.97497","2.79312","1885.78126","223.39819"
"2024-06-12 03:00:00","20.17924","0.98193","3.66813","2635.78128","223.07443"
"2024-06-12 04:00:00","18.09248","0.97977","2.91813","2135.7813","220.86699"
"2024-06-12 05:00:00","24.77944","0.97929","4.16813","2635.78132","221.31681"
"2024-06-12 06:00:00","0","1","0.04313","10.78125","219.86635"
"2024-06-12 07:00:00","5.63058","0.99546","1.04313","760.78126","218.93168"
"2024-06-12 08:00:00","1.72629","0.99729","0.66813","385.78126","218.13364"
"2024-06-12 09:00:00","13.48974","0.98648","1.54312","1010.78125","218.70716"
"2024-06-12 10:00:00","5.00124","0.99308","1.41813","1135.78127","217.8328"
"2024-06-12 11:00:00","6.96976","0.99357","1.54313","1135.78127","219.51743"
"2024-06-12 12:00:00","0","1","0.04313","10.78125","221.25633"
"2024-06-12 13:00:00","17.26649","0.97562","2.16813","1635.78128","219.85988"
"2024-06-12 14:00:00","7.05699","0.9944","1.16813","760.78127","220.45587"
"2024-06-12 15:00:00","0","1","0.04313","10.78125","221.21733"
"2024-06-12 16:00:00","0","1","0.04313","10.78125","221.96951"
"2024-06-12 17:00:00","3.66484","0.99519","0.79277","385.69139","221.25119"
"2024-06-12 18:00:00","5.68142","0.9969","1.54313","1260.78127","222.1878"
"2024-06-12 19:00:00","7.77671","0.98484","1.54348","1135.87111","222.16977"
"2024-06-12 20:00:00","19.20661","0.98266","2.91777","2135.69141","223.1288"
"2024-06-12 21:00:00","28.04887","0.95795","4.79313","3510.78131","223.68234"
"2024-06-12 22:00:00","14.31652","0.98013","2.29348","1635.8711","222.32746"
"2024-06-12 23:00:00","14.83197","0.97865","2.54313","1760.78129","221.75679"
"2024-06-13 00:00:00","11.5789","0.99241","1.91777","1510.69141","222.00729"
"2024-06-13 01:00:00","16.02688","0.98363","2.66813","1760.78127","222.42719"
"2024-06-13 02:00:00","11.00523","0.98841","2.04313","1510.78128","222.6639"
"2024-06-13 03:00:00","24.40197","0.96725","4.04313","3010.78131","222.76278"
"2024-06-13 04:00:00","11.94904","0.98814","2.16813","1385.78129","223.37506"
"2024-06-13 05:00:00","33.19361","0.96276","5.41813","3885.78131","222.12487"
"2024-06-13 06:00:00","0","1","0.04313","10.78125","221.07556"
"2024-06-13 07:00:00","0","1","0.04313","10.78125","219.07418"
"2024-06-13 08:00:00","19.20992","0.99193","3.41813","2010.7813","218.15495"
"2024-06-13 09:00:00","2.71311","0.99916","0.41813","385.78126","217.74243"
"2024-06-13 10:00:00","23.6125","0.98978","4.54348","2385.87114","219.18428"
"2024-06-13 11:00:00","11.47599","0.98716","1.54277","1010.69143","219.70597"
"2024-06-13 12:00:00","0","1","0.04313","10.78125","220.19295"
"2024-06-13 13:00:00","0.07094","0.99837","0.04313","10.78125","220.01129"
"2024-06-13 14:00:00","5.08475","0.99614","0.91813","760.78127","219.33134"
"2024-06-13 15:00:00","6.61842","0.99075","0.66813","385.78126","219.70442"
"2024-06-13 16:00:00","3.86264","0.99714","0.66813","385.78126","221.16364"
"2024-06-13 17:00:00","12.94729","0.9899","2.29313","1635.78129","222.21433"
"2024-06-13 18:00:00","9.09344","0.98855","1.91813","1510.78128","222.80467"
"2024-06-13 19:00:00","19.89597","0.96511","3.54313","2760.78128","221.76781"
"2024-06-13 20:00:00","16.34382","0.98538","2.66813","1885.78126","221.36941"
"2024-06-13 21:00:00","11.85457","0.98661","2.16813","1510.78125","222.47912"
"2024-06-13 22:00:00","9.28767","0.98781","2.79313","1885.7813","222.08669"
"2024-06-13 23:00:00","15.35489","0.98099","2.66813","1885.78129","223.34116"
"2024-06-14 00:00:00","16.09923","0.97919","2.79313","2010.7813","222.11688"
"2024-06-14 01:00:00","12.85707","0.99076","2.29313","1510.78125","222.59007"
"2024-06-14 02:00:00","10.06631","0.98533","2.16813","1510.78129","222.09576"
"2024-06-14 03:00:00","19.00898","0.97892","2.54312","1885.78129","222.29827"
"2024-06-14 04:00:00","17.51858","0.98197","2.66813","1760.78126","221.82214"
"2024-06-14 05:00:00","27.38147","0.96312","5.04313","3760.78131","221.40125"
"2024-06-14 06:00:00","3.74756","0.99711","0.66813","385.78126","221.39031"
"2024-06-14 07:00:00","10.39419","0.9871","1.54313","1135.78127","220.00901"
"2024-06-14 08:00:00","0","1","0.04313","10.78125","218.83006"
"2024-06-14 09:00:00","3.19597","0.99493","0.41813","385.78126","220.41196"
"2024-06-14 10:00:00","2.78673","0.99916","0.79313","385.78126","220.57857"
"2024-06-14 11:00:00","2.2928","0.99343","0.41741","385.60157","220.63251"
"2024-06-14 12:00:00","10.14869","0.99025","1.91813","1385.78128","221.40314"
"2024-06-14 13:00:00","0","1","0.04313","10.78125","219.70811"
"2024-06-14 14:00:00","4.88903","0.9947","0.66812","385.78126","219.61718"
"2024-06-14 15:00:00","0","1","0.04313","10.78125","221.3754"
"2024-06-14 16:00:00","0","1","0.04313","10.78125","221.39141"
"2024-06-14 17:00:00","2.76609","0.99766","1.29959","762.39845","221.46804"
"2024-06-14 18:00:00","4.58228","0.99651","1.16813","760.78127","221.89403"
"2024-06-14 19:00:00","13.89636","0.98675","2.171","1636.50001","222.70153"
"2024-06-14 20:00:00","11.18317","0.98831","2.04313","1510.78127","223.67081"
"2024-06-14 21:00:00","14.43929","0.9872","2.66813","2010.78127","223.1457"
"2024-06-14 22:00:00","16.52998","0.98129","3.04313","2010.78126","221.75801"
"2024-06-14 23:00:00","18.82991","0.97819","2.91813","1760.78126","222.92389"
"2024-06-15 00:00:00","11.86573","0.98722","2.04313","1510.78128","222.08639"
"2024-06-15 01:00:00","22.80753","0.96507","4.54313","3510.78131","222.4726"
"2024-06-15 02:00:00","16.0533","0.977","2.79313","1885.78127","223.51946"
"2024-06-15 03:00:00","10.19279","0.98556","2.79313","1885.7813","222.94963"
"2024-06-15 04:00:00","9.65457","0.99261","1.91813","1510.78125","223.21372"
"2024-06-15 05:00:00","28.13121","0.96288","5.54312","3760.7813","222.60265"
"2024-06-15 06:00:00","3.63697","0.99673","0.54313","385.78126","222.38887"
"2024-06-15 07:00:00","0.05207","0.99839","0.04313","10.78125","222.2172"
"2024-06-15 08:00:00","0","1","0.04313","10.78125","222.28373"
"2024-06-15 09:00:00","12.44966","0.98145","2.54312","1635.78127","222.96692"
"2024-06-15 10:00:00","10.92824","0.99204","2.16813","1635.78129","222.21695"
"2024-06-15 11:00:00","25.27266","0.96609","4.04313","2635.78128","221.97346"
"2024-06-15 12:00:00","15.12332","0.98223","2.66813","1885.78126","222.48042"
"2024-06-15 13:00:00","13.4334","0.99009","2.41813","1885.78128","222.91262"
"2024-06-15 14:00:00","27.32342","0.95616","4.66813","3260.7813","222.66257"
"2024-06-15 15:00:00","15.05541","0.98561","2.79313","2010.7813","223.17948"
"2024-06-15 16:00:00","8.03202","0.98803","2.04313","1510.78128","222.38784"
"2024-06-15 17:00:00","15.63165","0.98036","2.16813","1510.78126","222.46623"
"2024-06-15 18:00:00","11.45894","0.98558","2.04313","1385.78129","222.61321"
"2024-06-15 19:00:00","10.37998","0.98709","2.04313","1510.78129","222.63841"
"2024-06-15 20:00:00","21.66668","0.97256","3.54313","2510.78131","222.43311"
"2024-06-15 21:00:00","12.38927","0.9898","2.04313","1510.78129","222.79202"
"2024-06-15 22:00:00","31.08373","0.96948","4.54313","3260.78129","223.11234"
"2024-06-15 23:00:00","29.35486","0.95645","4.29313","3635.78131","222.77318"
"2024-06-16 00:00:00","11.68489","0.99079","1.91813","1385.78128","223.03631"
"2024-06-16 01:00:00","11.0555","0.99086","1.91813","1135.78127","222.87737"
"2024-06-16 02:00:00","18.20197","0.9751","2.41813","2010.78124","223.06128"
"2024-06-16 03:00:00","18.39622","0.96911","3.66813","2510.78124","223.11925"
"2024-06-16 04:00:00","11.9101","0.98545","2.04313","1510.78127","222.17738"
"2024-06-16 05:00:00","9.42022","0.99051","1.79313","1260.78124","222.86374"
"2024-06-16 06:00:00","10.29512","0.9879","2.16813","1635.78127","222.03306"
"2024-06-16 07:00:00","14.73872","0.98003","2.29313","1635.78127","223.23235"
"2024-06-16 08:00:00","13.51429","0.98474","2.54313","1885.78128","222.40206"
"2024-06-16 09:00:00","16.7306","0.97742","2.29313","1510.78125","222.7484"
"2024-06-16 10:00:00","9.52486","0.98687","2.54313","1760.78128","222.37163"
"2024-06-16 11:00:00","27.42676","0.96366","5.04313","3760.78128","222.7096"
"2024-06-16 12:00:00","14.03195","0.98714","2.16813","1510.78128","222.39958"
"2024-06-16 13:00:00","27.59093","0.96295","4.66813","3260.7813","222.62326"
"2024-06-16 14:00:00","15.02974","0.98001","3.04313","2135.78129","221.71425"
"2024-06-16 15:00:00","15.0696","0.98451","2.41813","1885.78128","222.56026"
"2024-06-16 16:00:00","11.51567","0.98457","1.91813","1385.78129","222.77438"
"2024-06-16 17:00:00","11.43029","0.99109","2.04313","1510.78123","222.5325"
"2024-06-16 18:00:00","9.52711","0.98727","2.54313","1760.78129","222.0604"
"2024-06-16 19:00:00","12.7132","0.9903","2.29313","1510.78127","222.08881"
"2024-06-16 20:00:00","28.70017","0.97246","4.91813","3635.78129","221.88162"
"2024-06-16 21:00:00","14.06691","0.98507","2.66813","1885.78129","222.37294"
"2024-06-16 22:00:00","11.93688","0.98791","1.66813","1010.78127","222.36319"
"2024-06-16 23:00:00","12.03793","0.98315","2.16813","1510.78128","222.8042"
"2024-06-17 00:00:00","13.78872","0.98994","2.04313","1510.78129","222.19745"
"2024-06-17 01:00:00","17.04805","0.98296","2.66813","1885.78124","223.00103"
"2024-06-17 02:00:00","20.5229","0.9758","2.66813","1885.78128","223.59838"
"2024-06-17 03:00:00","16.76444","0.98416","2.79313","2010.78128","221.95935"
"2024-06-17 04:00:00","20.71991","0.96803","3.29313","2135.78123","222.08296"
"2024-06-17 05:00:00","21.19505","0.98196","3.16813","2260.78129","222.28402"
"2024-06-17 06:00:00","1.37329","0.99632","0.66812","385.78126","221.26367"
"2024-06-17 07:00:00","32.71556","0.95856","5.66813","4010.78131","219.71749"
"2024-06-17 08:00:00","58.38979","0.952","11.04312","6760.78141","220.65576"
"2024-06-17 09:00:00","13.59197","0.98842","2.66813","1885.78129","218.21247"
"2024-06-17 10:00:00","60.24104","0.93729","10.04313","6385.78135","218.29011"
"2024-06-17 11:00:00","12.96258","0.98588","2.54313","1885.78129","219.70111"
"2024-06-17 12:00:00","0","1","0.04313","10.78125","221.45741"
"2024-06-17 13:00:00","3.89096","0.99738","0.54312","135.78125","219.83531"
"2024-06-17 14:00:00","202.33483","0.90221","38.16812","20385.78172","218.99959"
"2024-06-17 15:00:00","72.03618","0.96515","13.29312","6885.7814","218.95708"
"2024-06-17 16:00:00","3.89572","0.9975","0.79312","635.78127","219.4381"
"2024-06-17 17:00:00","9.95704","0.99284","1.91813","1135.78127","221.47006"
"2024-06-17 18:00:00","15.05524","0.98398","2.16813","1635.78127","222.24818"
"2024-06-17 19:00:00","10.2673","0.98663","1.54313","1010.78125","221.49248"
"2024-06-17 20:00:00","14.90395","0.98147","2.41813","1760.78127","223.30387"
"2024-06-17 21:00:00","16.95151","0.98748","2.66813","1885.78124","223.10976"
"2024-06-17 22:00:00","13.39483","0.98744","2.29313","1760.78128","222.49957"
"2024-06-17 23:00:00","13.47","0.98223","2.16812","1385.78126","222.74473"
"2024-06-18 00:00:00","27.47231","0.96287","3.91813","3135.78129","222.69953"
"2024-06-18 01:00:00","10.26077","0.98764","2.29313","1510.78123","223.06095"
"2024-06-18 02:00:00","8.51357","0.99094","1.91813","1385.78128","223.1852"
"2024-06-18 03:00:00","14.81418","0.98299","2.54313","1885.78128","223.04672"
"2024-06-18 04:00:00","19.43575","0.97177","3.54313","2635.78127","221.32405"
"2024-06-18 05:00:00","22.59167","0.98187","3.79313","2510.78129","221.2692"
"2024-06-18 06:00:00","9.5959","0.98828","1.29313","885.78126","220.31029"
"2024-06-18 07:00:00","4.68255","0.99231","0.91813","635.78127","219.22643"
"2024-06-18 08:00:00","51.10967","0.97453","10.41812","5510.78138","219.50733"
"2024-06-18 09:00:00","19.52716","0.98785","3.54312","2010.78129","219.52837"
"2024-06-18 10:00:00","69.25605","0.95301","13.04312","7385.78138","218.59366"
"2024-06-18 11:00:00","6.02214","0.99265","0.79313","760.78126","219.44214"
"2024-06-18 12:00:00","5.48506","0.99328","0.79312","385.78126","221.06335"
"2024-06-18 13:00:00","17.53076","0.98975","2.79313","1760.7813","219.88477"
"2024-06-18 14:00:00","32.06718","0.98351","5.54312","3010.7813","219.78204"
"2024-06-18 15:00:00","6.59293","0.99498","1.16813","885.78126","219.84392"
"2024-06-18 16:00:00","9.7879","0.98869","1.91812","1135.78127","220.30512"
"2024-06-18 17:00:00","6.7657","0.99705","1.16813","885.78126","222.24074"
"2024-06-18 18:00:00","4.87039","0.99553","1.04313","760.78124","221.85632"
"2024-06-18 19:00:00","15.1328","0.97884","3.54313","2385.78127","221.97206"
"2024-06-18 20:00:00","22.83547","0.98264","3.79313","2635.78131","223.53143"
"2024-06-18 21:00:00","17.32936","0.97632","2.16812","1760.7813","222.54689"
"2024-06-18 22:00:00","16.88705","0.98336","2.79313","1885.7813","222.9559"
"2024-06-18 23:00:00","18.27716","0.98558","2.66813","1760.78127","221.81233"
"2024-06-19 00:00:00","11.12459","0.98786","2.41813","1510.78129","222.02119"
"2024-06-19 01:00:00","15.64224","0.98533","2.79313","2135.78128","222.82807"
"2024-06-19 02:00:00","17.39634","0.97936","2.79313","1885.78126","222.99135"
"2024-06-19 03:00:00","24.48196","0.97642","2.79313","2010.78128","222.56846"
"2024-06-19 04:00:00","16.56855","0.97927","2.79313","1885.78128","222.94262"
"2024-06-19 05:00:00","23.81139","0.9717","4.29313","2885.7813","222.35124"
"2024-06-19 06:00:00","4.44553","0.9978","0.41813","385.78126","220.71981"
"2024-06-19 07:00:00","0","1","0.04313","10.78125","218.6465"
"2024-06-19 08:00:00","0.03977","0.99745","0.04313","10.78125","219.10874"
"2024-06-19 09:00:00","67.23772","0.95683","13.16812","7510.78145","219.67892"
"2024-06-19 10:00:00","5.95764","0.98993","1.04313","760.78127","219.05968"
"2024-06-19 11:00:00","6.83933","0.98643","1.54313","1010.78128","220.48038"
"2024-06-19 12:00:00","9.00974","0.99323","1.53953","698.28127","220.82626"
"2024-06-19 13:00:00","6.29842","0.9927","0.66813","385.78126","220.58182"
"2024-06-19 14:00:00","5.80466","0.99304","0.91813","760.78126","219.89358"
"2024-06-19 15:00:00","51.869","0.97956","9.54312","5010.78136","220.53274"
"2024-06-19 16:00:00","5.24243","0.99106","1.41813","760.78127","221.34682"
"2024-06-19 17:00:00","17.55173","0.98413","3.29313","2260.7813","221.96054"
"2024-06-19 18:00:00","10.8204","0.98665","2.66813","1885.78126","221.73111"
"2024-06-19 19:00:00","13.84133","0.97906","2.54313","1885.78122","222.5494"
"2024-06-19 20:00:00","19.3965","0.97131","4.16813","2885.78124","222.61755"
"2024-06-19 21:00:00","16.70975","0.97835","3.29312","2385.78126","222.31869"
"2024-06-19 22:00:00","14.77381","0.97899","2.66813","1760.78126","223.22879"
"2024-06-19 23:00:00","18.27649","0.97584","2.91812","2010.78126","222.4372"
"2024-06-20 00:00:00","13.60213","0.98542","3.16813","2385.78131","222.15233"
"2024-06-20 01:00:00","16.84899","0.981","3.04313","2010.78129","223.06229"
"2024-06-20 02:00:00","16.60989","0.98566","2.66813","1885.78128","222.56134"
"2024-06-20 03:00:00","19.13693","0.97996","3.29313","2385.78128","222.40533"
"2024-06-20 04:00:00","19.56889","0.98081","2.29313","1635.78128","221.71524"
"2024-06-20 05:00:00","32.91294","0.9686","5.41813","3635.78134","220.96034"
"2024-06-20 06:00:00","3.40836","0.99722","0.41813","385.78126","220.40055"
"2024-06-20 07:00:00","1.29256","0.99841","0.66813","385.78126","219.36157"
"2024-06-20 08:00:00","4.0072","0.99466","0.79313","760.78126","219.8956"
"2024-06-20 09:00:00","0","1","0.04313","10.78125","219.99074"
"2024-06-20 10:00:00","12.6779","0.98244","2.91453","2009.88286","218.56275"
"2024-06-20 11:00:00","45.08077","0.97104","8.54312","5260.78135","218.97548"
"2024-06-20 12:00:00","36.55484","0.96068","6.04313","4010.78129","221.16208"
"2024-06-20 13:00:00","0","0.99756","0.04313","10.78125","220.42444"
"2024-06-20 14:00:00","4.23715","0.99795","0.91812","635.78127","220.18397"
"2024-06-20 15:00:00","5.62792","0.99585","0.91813","510.78125","221.0222"
"2024-06-20 16:00:00","14.73182","0.9814","2.54313","1760.78127","221.60666"
"2024-06-20 17:00:00","7.89576","0.99069","1.91813","1260.78127","222.22499"
"2024-06-20 18:00:00","14.35096","0.98357","2.54313","1760.7813","223.25966"
"2024-06-20 19:00:00","20.03059","0.98153","3.54312","2510.78128","222.60565"
"2024-06-20 20:00:00","21.04158","0.97511","3.79313","2885.78129","223.21041"
"2024-06-20 21:00:00","21.49224","0.96868","3.54313","2260.7813","223.02878"
"2024-06-20 22:00:00","20.65689","0.98079","3.54313","2510.78131","223.48483"
"2024-06-20 23:00:00","20.51237","0.98009","3.54313","2385.7813","221.89826"
"2024-06-21 00:00:00","22.69719","0.9822","3.54313","2385.78132","222.62733"
"2024-06-21 01:00:00","17.74158","0.97489","3.16813","2385.78128","221.83337"
"2024-06-21 02:00:00","21.06005","0.9691","2.91812","2010.78127","222.36026"
"2024-06-21 03:00:00","14.09197","0.98546","2.66813","1760.78124","222.12164"
"2024-06-21 04:00:00","23.05481","0.98219","3.91813","2760.78127","222.42217"
"2024-06-21 05:00:00","35.23524","0.9575","6.16813","4010.78129","220.92865"
"2024-06-21 06:00:00","27.82193","0.96785","4.66813","3385.78131","220.57828"
"2024-06-21 07:00:00","8.54507","0.98748","1.41813","1010.78127","218.68102"
"2024-06-21 08:00:00","8.7774","0.99521","1.54313","1010.78127","218.94916"
"2024-06-21 09:00:00","6.807","0.99446","1.41813","1010.78123","220.0737"
"2024-06-21 10:00:00","2.42076","0.99585","0.41813","385.78126","219.95969"
"2024-06-21 11:00:00","7.28216","0.99375","0.91813","760.78127","220.128"
"2024-06-21 12:00:00","0","1","0.04241","10.60156","221.2556"
"2024-06-21 13:00:00","0","1","0.04313","10.78125","221.03704"
"2024-06-21 14:00:00","0.05419","0.99729","0.04313","10.78125","219.88642"
"2024-06-21 15:00:00","61.76476","0.96409","12.79312","6635.7814","220.4319"
"2024-06-21 16:00:00","0","1","0.04277","10.69141","221.80114"
"2024-06-21 17:00:00","7.70494","0.99451","1.16813","760.78127","222.05733"
"2024-06-21 18:00:00","5.28892","0.9936","1.41813","1135.78127","222.54227"
"2024-06-21 19:00:00","16.40669","0.98178","3.04313","2010.78125","223.2695"
"2024-06-21 20:00:00","21.74966","0.98102","3.41813","2385.78128","223.58367"
"2024-06-21 21:00:00","13.28885","0.98048","2.79313","2010.78125","223.2723"
"2024-06-21 22:00:00","12.71259","0.9828","2.91813","1885.78126","222.58434"
"2024-06-21 23:00:00","17.02072","0.98472","3.54313","2510.78124","223.29005"
"2024-06-22 00:00:00","23.22498","0.96984","4.04313","3010.7813","222.85871"
"2024-06-22 01:00:00","14.17652","0.98483","2.79313","1885.78129","222.38693"
"2024-06-22 02:00:00","10.14281","0.98902","2.66813","1635.78128","222.99197"
"2024-06-22 03:00:00","10.72579","0.98966","2.66813","2010.78129","223.06667"
"2024-06-22 04:00:00","16.3122","0.9842","2.66812","2010.78124","222.69061"
"2024-06-22 05:00:00","26.40028","0.98193","4.16812","2510.7813","222.58812"
"2024-06-22 06:00:00","0","0.99724","0.04313","10.78125","221.08694"
"2024-06-22 07:00:00","2.6761","0.99915","0.79312","635.78127","221.81695"
"2024-06-22 08:00:00","0","1","0.04313","10.78125","222.48542"
"2024-06-22 09:00:00","19.39087","0.98024","2.79313","1885.78129","222.92326"
"2024-06-22 10:00:00","25.04695","0.9811","3.66813","2635.78125","223.25595"
"2024-06-22 11:00:00","17.37622","0.98313","2.79313","1760.78128","222.42336"
"2024-06-22 12:00:00","7.20016","0.99024","1.79313","1260.78126","223.4248"
"2024-06-22 13:00:00","10.74848","0.98822","2.16813","1510.78128","222.59909"
"2024-06-22 14:00:00","10.73222","0.98389","2.16813","1635.78129","221.84355"
"2024-06-22 15:00:00","12.47552","0.98679","2.66813","2010.78128","221.69941"
"2024-06-22 16:00:00","14.41932","0.98744","2.79313","1760.7813","221.71191"
"2024-06-22 17:00:00","14.95741","0.9808","2.66813","1885.78128","222.96284"
"2024-06-22 18:00:00","20.02046","0.98095","3.41812","2510.78131","223.1138"
"2024-06-22 19:00:00","14.31863","0.98891","3.04313","2010.7813","223.09734"
"2024-06-22 20:00:00","14.27907","0.98521","2.66813","2010.78128","223.38943"
"2024-06-22 21:00:00","15.02136","0.98674","2.66813","1885.78128","223.09391"
"2024-06-22 22:00:00","15.19294","0.97551","2.66813","1760.78128","224.0056"
"2024-06-22 23:00:00","20.29497","0.98189","3.04313","2135.78127","223.5765"
"2024-06-23 00:00:00","8.92661","0.98699","2.66813","1885.7813","224.24907"
"2024-06-23 01:00:00","13.66499","0.98674","2.79312","2010.78127","223.57497"
"2024-06-23 02:00:00","20.09064","0.982","2.91813","2010.78128","223.91405"
"2024-06-23 03:00:00","14.79048","0.98174","3.04313","2135.78129","224.41468"
"2024-06-23 04:00:00","18.37068","0.98337","2.79313","2010.78126","224.10873"
"2024-06-23 05:00:00","19.1736","0.97495","3.16813","2135.78127","224.35079"
"2024-06-23 06:00:00","18.27776","0.98556","2.79313","1885.7813","224.33314"
"2024-06-23 07:00:00","36.51174","0.95691","4.66813","3510.78133","222.33004"
"2024-06-23 08:00:00","11.7313","0.98415","2.16812","1510.78127","222.75713"
"2024-06-23 09:00:00","32.26074","0.9644","4.66813","3260.7813","223.10712"
"2024-06-23 10:00:00","14.79731","0.98788","2.91813","2135.78128","223.50884"
"2024-06-23 11:00:00","12.97146","0.98201","2.79313","1885.78129","223.16368"
"2024-06-23 12:00:00","18.74415","0.9854","2.79313","1885.78128","223.0332"
"2024-06-23 13:00:00","18.27257","0.98667","3.29313","2510.7813","223.92027"
"2024-06-23 14:00:00","14.17253","0.9865","2.79313","1760.78129","224.40382"
"2024-06-23 15:00:00","13.26314","0.98163","2.66813","2010.78129","222.17398"
"2024-06-23 16:00:00","12.8555","0.98925","2.29241","1510.60159","222.14588"
"2024-06-23 17:00:00","33.58807","0.95624","5.91812","4135.78131","223.40536"
"2024-06-23 18:00:00","27.75825","0.9618","4.29313","3135.78128","222.85884"
"2024-06-23 19:00:00","26.40706","0.9716","4.04313","2760.78127","223.33003"
"2024-06-23 20:00:00","19.6137","0.9817","3.41813","2260.78126","223.56057"
"2024-06-23 21:00:00","27.46351","0.95887","4.66813","3635.78134","223.04587"
"2024-06-23 22:00:00","8.00624","0.99534","1.16741","1135.60159","222.40075"
"2024-06-23 23:00:00","11.25768","0.98712","2.16777","1760.69143","223.33071"
"2024-06-24 00:00:00","33.52502","0.96421","5.04313","3510.78133","223.21536"
"2024-06-24 01:00:00","16.59478","0.97964","2.79348","1885.87108","223.53514"
"2024-06-24 02:00:00","14.06338","0.98711","2.79312","2010.78128","224.15843"
"2024-06-24 03:00:00","14.04132","0.98471","2.91813","2010.78129","224.23535"
"2024-06-24 04:00:00","15.47075","0.98278","3.04313","2010.78124","223.45095"
"2024-06-24 05:00:00","30.56861","0.96715","5.41812","3635.78132","222.22665"
"2024-06-24 06:00:00","0","1","0.04313","10.78125","220.58038"
"2024-06-24 07:00:00","20.88435","0.98398","3.54312","2010.78129","218.6391"
"2024-06-24 08:00:00","7.0225","0.99179","1.04313","760.78126","219.58766"
"2024-06-24 09:00:00","234.79674","0.86973","45.16812","24385.7818","219.22412"
"2024-06-24 10:00:00","253.45257","0.8414","47.04312","26385.78183","218.73744"
"2024-06-24 11:00:00","263.94468","0.86241","51.54312","27260.78189","219.41424"
"2024-06-24 12:00:00","212.2945","0.85161","39.28666","23009.16452","220.56591"
"2024-06-24 13:00:00","200.74368","0.79749","37.29312","23260.78167","220.2775"
"2024-06-24 14:00:00","244.85753","0.83672","44.66812","25760.78179","220.35124"
"2024-06-24 15:00:00","208.81363","0.82235","37.66813","22885.78174","219.60839"
"2024-06-24 16:00:00","160.13483","0.82385","26.41669","18510.42213","221.14745"
"2024-06-24 17:00:00","134.15198","0.83529","21.79313","15760.78156","221.54477"
"2024-06-24 18:00:00","122.95369","0.82446","18.54241","14885.60185","221.29007"
"2024-06-24 19:00:00","72.27761","0.88056","14.29313","11260.78141","222.0365"
"2024-06-24 20:00:00","84.02673","0.82754","15.16813","12385.78157","222.45438"
"2024-06-24 21:00:00","81.85084","0.8752","14.66812","11385.78147","222.414"
"2024-06-24 22:00:00","66.76402","0.88258","12.04313","9635.78145","222.62851"
"2024-06-24 23:00:00","64.1284","0.85344","11.66812","9635.78143","222.81129"
